{"cameraMode":{"drawMode":0,"name":"Shaded","section":"Shading Mode"},"sceneLighting":false,"audioPlay":false,"sceneViewState":{"showFog":true,"showMaterialUpdate":false,"showSkybox":false,"showFlares":true,"showImageEffects":true,"showParticleSystems":true},"in2DMode":false,"pivot":{"x":-0.000001430511474609375,"y":0.23215316236019135,"z":0.0},"rotation":{"x":0.2138625532388687,"y":-0.49789828062057497,"z":0.12819567322731019,"w":0.8306198716163635},"size":7.143707275390625,"orthographic":false}