{"cameraMode":{"drawMode":0,"name":"Shaded","section":"Shading Mode"},"sceneLighting":true,"audioPlay":false,"sceneViewState":{"showFog":true,"showMaterialUpdate":false,"showSkybox":true,"showFlares":true,"showImageEffects":true,"showParticleSystems":true},"in2DMode":false,"pivot":{"x":132.04580688476563,"y":287.55517578125,"z":194.61422729492188},"rotation":{"x":0.24206916987895966,"y":0.004366080742329359,"z":-0.001089308992959559,"w":0.9702510833740234},"size":262.53814697265627,"orthographic":false}