{"cameraMode":{"drawMode":0,"name":"Shaded","section":"Shading Mode"},"sceneLighting":true,"audioPlay":false,"sceneViewState":{"showFog":true,"showMaterialUpdate":false,"showSkybox":true,"showFlares":true,"showImageEffects":true,"showParticleSystems":true},"in2DMode":false,"pivot":{"x":219.48922729492188,"y":89.31727600097656,"z":175.9281005859375},"rotation":{"x":0.2339894026517868,"y":-0.17103098332881928,"z":0.04185430705547333,"w":0.956165075302124},"size":508.7765808105469,"orthographic":false}